Workbook

Sheet british_airways_schedule_summer
A1: FLIGHT_DATE | B1: FLIGHT_TIME | C1: TIME_OF_DAY | D1: AIRLINE_CD | E1: FLIGHT_NO | F1: DEPARTURE_STATION_CD | G1: ARRIVAL_STATION_CD | H1: ARRIVAL_COUNTRY | I1: ARRIVAL_REGION | J1: HAUL | K1: AIRCRAFT_TYPE | L1: FIRST_CLASS_SEATS | M1: BUSINESS_CLASS_SEATS | N1: ECONOMY_SEATS | O1: TIER1_ELIGIBLE_PAX | P1: TIER2_ELIGIBLE_PAX | Q1: TIER3_ELIGIBLE_PAX
A2: 45902 | B2: 0.59652778 | C2: Afternoon | D2: BA | E2: BA5211 | F2: LHR | G2: LAX | H2: USA | I2: North America | J2: LONG | K2: B777 | L2: 8 | M2: 49 | N2: 178 | O2: 0 | P2: 10 | Q2: 38
A3: 45818 | B3: 0.27916667 | C3: Morning | D3: BA | E3: BA7282 | F3: LHR | G3: LAX | H3: USA | I3: North America | J3: LONG | K3: B777 | L3: 8 | M3: 49 | N3: 178 | O3: 0 | P3: 7 | Q3: 28
A4: 45957 | B4: 0.64791667 | C4: Afternoon | D4: BA | E4: BA1896 | F4: LHR | G4: FRA | H4: Germany | I4: Europe | J4: SHORT | K4: A320 | L4: 0 | M4: 17 | N4: 163 | O4: 0 | P4: 11 | Q4: 40
A5: 45823 | B5: 0.77013889 | C5: Evening | D5: BA | E5: BA5497 | F5: LHR | G5: IST | H5: Turkey | I5: Europe | J5: SHORT | K5: A320 | L5: 0 | M5: 8 | N5: 172 | O5: 0 | P5: 16 | Q5: 54
A6: 45894 | B6: 0.85763889 | C6: Evening | D6: BA | E6: BA1493 | F6: LHR | G6: FRA | H6: Germany | I6: Europe | J6: SHORT | K6: A320 | L6: 0 | M6: 13 | N6: 167 | O6: 0 | P6: 6 | Q6: 27
A7: 45850 | B7: 0.79722222 | C7: Evening | D7: BA | E7: BA4954 | F7: LHR | G7: VIE | H7: Austria | I7: Europe | J7: SHORT | K7: A320 | L7: 0 | M7: 20 | N7: 160 | O7: 0 | P7: 6 | Q7: 27
A8: 45916 | B8: 0.90555556 | C8: Evening | D8: BA | E8: BA9840 | F8: LHR | G8: AMS | H8: Netherlands | I8: Europe | J8: SHORT | K8: A320 | L8: 0 | M8: 20 | N8: 160 | O8: 0 | P8: 16 | Q8: 55
A9: 45771 | B9: 0.61805556 | C9: Afternoon | D9: BA | E9: BA7116 | F9: LHR | G9: ORD | H9: USA | I9: North America | J9: LONG | K9: A350 | L9: 0 | M9: 56 | N9: 275 | O9: 1 | P9: 12 | Q9: 42
A10: 45794 | B10: 0.50902778 | C10: Lunchtime | D10: BA | E10: BA4424 | F10: LHR | G10: FRA | H10: Germany | I10: Europe | J10: SHORT | K10: A320 | L10: 0 | M10: 17 | N10: 163 | O10: 0 | P10: 5 | Q10: 23
A11: 45778 | B11: 0.41319444 | C11: Morning | D11: BA | E11: BA4878 | F11: LHR | G11: IST | H11: Turkey | I11: Europe | J11: SHORT | K11: A320 | L11: 0 | M11: 4 | N11: 176 | O11: 1 | P11: 11 | Q11: 39
A12: 45892 | B12: 0.39375 | C12: Morning | D12: BA | E12: BA8924 | F12: LHR | G12: AMS | H12: Netherlands | I12: Europe | J12: SHORT | K12: A320 | L12: 0 | M12: 10 | N12: 170 | O12: 1 | P12: 5 | Q12: 23
A13: 45902 | B13: 0.325 | C13: Morning | D13: BA | E13: BA8942 | F13: LHR | G13: LAX | H13: USA | I13: North America | J13: LONG | K13: B777 | L13: 8 | M13: 49 | N13: 178 | O13: 0 | P13: 5 | Q13: 23
... A10001: 45805 | B10001: 0.91666667 | C10001: Evening | D10001: BA | E10001: BA8374 | F10001: LHR | G10001: DFW | H10001: USA | I10001: North America | J10001: LONG | K10001: B787 | L10001: 0 | M10001: 35 | N10001: 179 | O10001: 2 | P10001: 11 | Q10001: 40

Sheet Flight sample
A1: Flight No. | B1: Departure time | C1: Destination | D1: Route type | E1: Time of the day | F1: Region
A2: BA5211 | B2: 0.59652778 | C2: LAX | D2: LONG | E2: Afternoon | F2: North America
A3: BA7282 | B3: 0.27916667 | C3: LAX | D3: LONG | E3: Morning | F3: North America
A4: BA1896 | B4: 0.64791667 | C4: FRA | D4: SHORT | E4: Afternoon | F4: Europe
A5: BA5497 | B5: 0.77013889 | C5: IST | D5: SHORT | E5: Evening | F5: Europe
A6: BA1493 | B6: 0.85763889 | C6: FRA | D6: SHORT | E6: Evening | F6: Europe
A7: BA4954 | B7: 0.79722222 | C7: VIE | D7: SHORT | E7: Evening | F7: Europe
A8: BA9840 | B8: 0.90555556 | C8: AMS | D8: SHORT | E8: Evening | F8: Europe
A9: BA7116 | B9: 0.61805556 | C9: ORD | D9: LONG | E9: Afternoon | F9: North America
A10: BA4424 | B10: 0.50902778 | C10: FRA | D10: SHORT | E10: Afternoon | F10: Europe
A11: BA4878 | B11: 0.41319444 | C11: IST | D11: SHORT | E11: Morning | F11: Europe
A12: BA8924 | B12: 0.39375 | C12: AMS | D12: SHORT | E12: Morning | F12: Europe
A13: BA8942 | B13: 0.325 | C13: LAX | D13: LONG | E13: Morning | F13: North America
... A18: BA5518 | B18: 0.69444444 | C18: HND | D18: LONG | E18: Afternoon | F18: Asia
H45: 45813 | I45: 0.93611111 | J45: Evening | K45: BA | L45: BA9080 | M45: LHR | N45: JFK | O45: USA | P45: North America
H46: 45946 | I46: 0.77013889 | J46: Evening | K46: BA | L46: BA6458 | M46: LHR | N46: HND | O46: Japan | P46: Asia | Q46: LONG
H47: 45914 | I47: 0.69444444 | J47: Afternoon | K47: BA | L47: BA5518 | M47: LHR | N47: HND | O47: Japan | P47: Asia | Q47: LONG

Sheet Eligibility lookup table
A1: Route type | B1: Time of the day | C1: Region | D1: Tier 1% | E1: Tier 2% | F1: Tier 3%
A2: LONG | B2: Afternoon | C2: North America | D2: 0.012 | E2: 0.04 | F2: 0.17
A3: LONG | B3: Morning | C3: North America | D3: 0.015 | E3: 0.03 | F3: 0.2
A4: SHORT | B4: Afternoon | C4: Europe | D4: 0.005 | E4: 0.02 | F4: 0.1
A5: SHORT | B5: Evening | C5: Europe | D5: 0.007 | E5: 0.06 | F5: 0.13
A6: LONG | B6: Evening | C6: North America | D6: 0.02 | E6: 0.08 | F6: 0.27
A7: SHORT | B7: Morning | C7: Europe | D7: 0.01 | E7: 0.03 | F7: 0.13
A8: LONG | B8: Morning | C8: Asia | D8: 0.017 | E8: 0.05 | F8: 0.15
A9: LONG | B9: Evening | C9: Asia | D9: 0.025 | E9: 0.1 | F9: 0.3
A10: LONG | B10: Afternoon | C10: Asia | D10: 0.02 | E10: 0.07 | F10: 0.2
A17: Q1)

Sheet Lounge demand calculation
A1: Flight | B1: Region | C1: Type | D1: Time | E1: Passengers | F1: Tier 1 Demand | G1: Tier 2 Demand | H1: Tier 3 Demand
A2: BA7282 | B2: North America | C2: LONG | D2: Morning | E2: 300 | F2: =ROUND(E2*'Eligibility lookup table'!D3,0) -> 5 | G2: =ROUND(E2*'Eligibility lookup table'!E3,0) -> 9 | H2: =ROUND(E2*'Eligibility lookup table'!F3,0) -> 60
A3: BA5211 | B3: North America | C3: LONG | D3: Afternoon | E3: 300 | F3: =ROUND(E3*'Eligibility lookup table'!D2,0) -> 4 | G3: =ROUND(E3*'Eligibility lookup table'!E2,0) -> 12 | H3: =ROUND(E3*'Eligibility lookup table'!F2,0) -> 51
A4: BA9080 | B4: North America | C4: LONG | D4: Evening | E4: 300 | F4: =ROUND(E4*'Eligibility lookup table'!D6,0) -> 6 | G4: =ROUND(E4*'Eligibility lookup table'!E6,0) -> 24 | H4: =ROUND(E4*'Eligibility lookup table'!F6,0) -> 81
A5: BA4878 | B5: Europe | C5: SHORT | D5: Morning | E5: 160 | F5: =ROUND(E5*'Eligibility lookup table'!D7,0) -> 2 | G5: =ROUND(E5*'Eligibility lookup table'!E7,0) -> 5 | H5: =ROUND(E5*'Eligibility lookup table'!F7,0) -> 21
A6: BA1896 | B6: Europe | C6: SHORT | D6: Afternoon | E6: 160 | F6: =ROUND(E6*'Eligibility lookup table'!D4,0) -> 1 | G6: =ROUND(E6*'Eligibility lookup table'!E4,0) -> 3 | H6: =ROUND(E6*'Eligibility lookup table'!F4,0) -> 16
A7: BA5497 | B7: Europe | C7: SHORT | D7: Evening | E7: 160 | F7: =ROUND(E7*'Eligibility lookup table'!D5,0) -> 1 | G7: =ROUND(E7*'Eligibility lookup table'!E5,0) -> 10 | H7: =ROUND(E7*'Eligibility lookup table'!F5,0) -> 21
A8: BA7992 | B8: Asia | C8: LONG | D8: Morning | E8: 280 | F8: =ROUND(E8*'Eligibility lookup table'!D8,0) -> 5 | G8: =ROUND(E8*'Eligibility lookup table'!E8,0) -> 14 | H8: =ROUND(E8*'Eligibility lookup table'!F8,0) -> 42 | M8: Route Type | N8: Assumed Passenger
A9: BA5518 | B9: Asia | C9: LONG | D9: Afternoon | E9: 280 | F9: =ROUND(E9*'Eligibility lookup table'!D10,0) -> 6 | G9: =ROUND(E9*'Eligibility lookup table'!E10,0) -> 20 | H9: =ROUND(E9*'Eligibility lookup table'!F10,0) -> 56 | M9: Short | N9: 160
A10: BA6458 | B10: Asia | C10: LONG | D10: Evening | E10: 280 | F10: =ROUND(E10*'Eligibility lookup table'!D9,0) -> 7 | G10: =ROUND(E10*'Eligibility lookup table'!E9,0) -> 28 | H10: =ROUND(E10*'Eligibility lookup table'!F9,0) -> 84 | M10: Long NA | N10: 300
M11: Long Asia | N11: 280

Sheet Final Table
A1: Flight | B1: Pax | C1: Tier 1 | D1: Tier 2 | E1: Tier 3
A2: ='Lounge demand calculation'!A2 -> BA7282 | B2: ='Lounge demand calculation'!E2 -> 300 | C2: ='Lounge demand calculation'!F2 -> 5 | D2: ='Lounge demand calculation'!G2 -> 9 | E2: ='Lounge demand calculation'!H2 -> 60
A3: ='Lounge demand calculation'!A3 -> BA5211 | B3: ='Lounge demand calculation'!E3 -> 300 | C3: ='Lounge demand calculation'!F3 -> 4 | D3: ='Lounge demand calculation'!G3 -> 12 | E3: ='Lounge demand calculation'!H3 -> 51
A4: ='Lounge demand calculation'!A4 -> BA9080 | B4: ='Lounge demand calculation'!E4 -> 300 | C4: ='Lounge demand calculation'!F4 -> 6 | D4: ='Lounge demand calculation'!G4 -> 24 | E4: ='Lounge demand calculation'!H4 -> 81
A5: ='Lounge demand calculation'!A5 -> BA4878 | B5: ='Lounge demand calculation'!E5 -> 160 | C5: ='Lounge demand calculation'!F5 -> 2 | D5: ='Lounge demand calculation'!G5 -> 5 | E5: ='Lounge demand calculation'!H5 -> 21
A6: ='Lounge demand calculation'!A6 -> BA1896 | B6: ='Lounge demand calculation'!E6 -> 160 | C6: ='Lounge demand calculation'!F6 -> 1 | D6: ='Lounge demand calculation'!G6 -> 3 | E6: ='Lounge demand calculation'!H6 -> 16
A7: ='Lounge demand calculation'!A7 -> BA5497 | B7: ='Lounge demand calculation'!E7 -> 160 | C7: ='Lounge demand calculation'!F7 -> 1 | D7: ='Lounge demand calculation'!G7 -> 10 | E7: ='Lounge demand calculation'!H7 -> 21
A8: ='Lounge demand calculation'!A8 -> BA7992 | B8: ='Lounge demand calculation'!E8 -> 280 | C8: ='Lounge demand calculation'!F8 -> 5 | D8: ='Lounge demand calculation'!G8 -> 14 | E8: ='Lounge demand calculation'!H8 -> 42
A9: ='Lounge demand calculation'!A9 -> BA5518 | B9: ='Lounge demand calculation'!E9 -> 280 | C9: ='Lounge demand calculation'!F9 -> 6 | D9: ='Lounge demand calculation'!G9 -> 20 | E9: ='Lounge demand calculation'!H9 -> 56
A10: ='Lounge demand calculation'!A10 -> BA6458 | B10: ='Lounge demand calculation'!E10 -> 280 | C10: ='Lounge demand calculation'!F10 -> 7 | D10: ='Lounge demand calculation'!G10 -> 28 | E10: ='Lounge demand calculation'!H10 -> 84

Sheet Justification
A1: Q1)
